"term","edf","ref.df","statistic","p.value"
"te(Lon,Lat)",11.3640642964104,13.4281357606815,13.8646687849225,0
