"term","edf","ref.df","statistic","p.value"
"te(Lon,Lat)",11.0481682146917,13.1355726128341,6.73834389542507,0
